{"cameraMode":{"drawMode":0,"name":"Shaded","section":"Shading Mode"},"sceneLighting":false,"audioPlay":false,"sceneViewState":{"showFog":true,"showMaterialUpdate":false,"showSkybox":false,"showFlares":true,"showImageEffects":true,"showParticleSystems":true},"in2DMode":false,"pivot":{"x":-0.11683489382266998,"y":-0.023878781124949456,"z":0.9042253494262695},"rotation":{"x":0.1624598354101181,"y":0.6881909966468811,"z":-0.1624598652124405,"w":0.6881909966468811},"size":0.824607253074646,"orthographic":false}